"id","title"
"protozoa_body_covering_and_skeletal_structure_and_locomotion","2026-04-05-protozoa-body-covering-and-skeletal-structure-and-locomotion"
"protozoa_reproduction_and_parasitism","2026-04-05-protozoa-reproduction-and-parasitism"
"protozoa_nutrition_locomotion","2026-04-13-protozoa-nutrition-locomotion"
"astropecten_water_vascular_system","2026-04-17-astropecten-water-vascular-system"
"coral_reefs_types_formation","2026-05-05-coral-reefs-types-formation"
"polymorphism_in_cnidaria","2026-05-05-polymorphism-in-cnidaria"
"survivorship_curve_life_table_growth_models","2026-04-03-survivorship-curve-life-table-growth-models"
"basic_concepts_of_biostatistics","2026-04-05-basic-concepts-of-biostatistics"
"correlation_and_regression","2026-04-05-correlation-and-regression"
"frequency_distribution_histogram_and_polygon","2026-04-05-frequency-distribution-histogram-and-polygon"
"hypothesis_testing","2026-04-05-hypothesis-testing"
"measurements_of_central_tendency_problem_solving","2026-04-05-measurements-of-central-tendency-problem-solving"
"measurements_of_central_tendency","2026-04-05-measurements-of-central-tendency"
"measures_of_dispersion_imported","2026-04-05-measures-of-dispersion-imported"
"measures_of_dispersion","2026-04-05-measures-of-dispersion"
"presentation_and_graphical_analysis_of_data","2026-04-05-presentation-and-graphical-analysis-of-data"
"t_test_significant_difference_between_means","2026-04-05-t-test-significant-difference-between-means"
"z_test_problem_solving","2026-04-05-z-test-problem-solving"
"z_test_z_test_and_its_significance_chi_square_test","2026-04-05-z-test-z-test-and-its-significance-chi-square-test"
"chi_square_test","2026-04-11-chi-square-test"
"measures_of_dispersion","2026-04-11-measures-of-dispersion"
"measures_of_central_tendency","2026-05-05-measures-of-central-tendency"
"population_ecology_a_science_of_life_motion_of_a_species","2026-03-30-population-ecology-a-science-of-life-motion-of-a-species"
"population_ecology_concept_on_size_of_population","2026-04-01-population-ecology-concept-on-size-of-population"
"community_ecology_an_equation_of_living_together","2026-04-04-community-ecology-an-equation-of-living-together"
"ecology_history_scopes_area","2026-05-04-ecology-history-scopes-area"
"genetics_the_theme_of_inheritance_part_1","2026-04-10-genetics-the-theme-of-inheritance-part-1"
"genetics_the_theme_of_inheritance_part_2","2026-04-10-genetics-the-theme-of-inheritance-part-2"
"human_blood_circulation","2026-04-01-human-blood-circulation"
"human_physiology_digestive_system_part_1","2026-04-10-human-physiology-digestive-system-part-1"
"human_physiology_digestive_system_part_2","2026-04-10-human-physiology-digestive-system-part-2"
"human_physiology_digestive_system_part_3","2026-04-10-human-physiology-digestive-system-part-3"
"blood_circulation_the_intelligent_transport_system_of_life","2026-05-04-blood-circulation-the-intelligent-transport-system-of-life"
"research_methodology","research-methodology"
"structures_functions_cell_organelles_part_1","2026-04-10-structures-functions-cell-organelles-part-1"
"structures_functions_of_cell_organelles_part_2","2026-04-10-structures-functions-of-cell-organelles-part-2"
"human_body_the_mysterious_workspace","2026-04-25-human-body-the-mysterious-workspace"
"hsc_biology_2nd_paper_1st_chapter_animal_diversity_classification","2026-04-06-hsc-biology-2nd-paper-1st-chapter-animal-diversity-classification"
"respiratory_system_mind_mapping","2026-04-12-respiratory-system-mind-mapping"
"respiratory_system","2026-04-12-respiratory-system"
"human_blood_circulation","2026-04-16-human-blood-circulation"
"baroreceptors_reflex","2026-05-04-baroreceptors-reflex"
