"NodeID","Path"
"protozoa_body_covering_and_skeletal_structure_and_locomotion","\_biology\higher-zoology-tree\animal-diversity\2026-04-05-protozoa-body-covering-and-skeletal-structure-and-locomotion.md"
"protozoa_reproduction_and_parasitism","\_biology\higher-zoology-tree\animal-diversity\2026-04-05-protozoa-reproduction-and-parasitism.md"
"protozoa_nutrition_locomotion","\_biology\higher-zoology-tree\animal-diversity\2026-04-13-protozoa-nutrition-locomotion.md"
"astropecten_water_vascular_system","\_biology\higher-zoology-tree\animal-diversity\2026-04-17-astropecten-water-vascular-system.md"
"polymorphism_in_cnidaria","\_biology\higher-zoology-tree\animal-diversity\2026-05-05-polymorphism-in-cnidaria.md"
"basic_concepts_of_biostatistics","\_biology\higher-zoology-tree\biostatistics\2026-04-05-basic-concepts-of-biostatistics.md"
"correlation_and_regression","\_biology\higher-zoology-tree\biostatistics\2026-04-05-correlation-and-regression.md"
"frequency_distribution_histogram_and_polygon","\_biology\higher-zoology-tree\biostatistics\2026-04-05-frequency-distribution-histogram-and-polygon.md"
"hypothesis_testing","\_biology\higher-zoology-tree\biostatistics\2026-04-05-hypothesis-testing.md"
"measurements_of_central_tendency_problem_solving","\_biology\higher-zoology-tree\biostatistics\2026-04-05-measurements-of-central-tendency-problem-solving.md"
"measurements_of_central_tendency","\_biology\higher-zoology-tree\biostatistics\2026-04-05-measurements-of-central-tendency.md"
"presentation_and_graphical_analysis_of_data","\_biology\higher-zoology-tree\biostatistics\2026-04-05-presentation-and-graphical-analysis-of-data.md"
"t_test_significant_difference_between_means","\_biology\higher-zoology-tree\biostatistics\2026-04-05-t-test-significant-difference-between-means.md"
"z_test_problem_solving","\_biology\higher-zoology-tree\biostatistics\2026-04-05-z-test-problem-solving.md"
"z_test_z_test_and_its_significance_chi_square_test","\_biology\higher-zoology-tree\biostatistics\2026-04-05-z-test-z-test-and-its-significance-chi-square-test.md"
"chi_square_test","\_biology\higher-zoology-tree\biostatistics\2026-04-11-chi-square-test.md"
"measures_of_dispersion","\_biology\higher-zoology-tree\biostatistics\2026-04-11-measures-of-dispersion.md"
"measures_of_central_tendency","\_biology\higher-zoology-tree\biostatistics\2026-05-05-measures-of-central-tendency.md"
"population_ecology_a_science_of_life_motion_of_a_species","\_biology\higher-zoology-tree\ecology\2026-03-30-population-ecology-a-science-of-life-motion-of-a-species.md"
"population_ecology_concept_on_size_of_population","\_biology\higher-zoology-tree\ecology\2026-04-01-population-ecology-concept-on-size-of-population.md"
"survivorship_curve_life_table_growth_models","\_biology\higher-zoology-tree\ecology\2026-04-03-survivorship-curve-life-table-growth-models.md"
"community_ecology_an_equation_of_living_together","\_biology\higher-zoology-tree\ecology\2026-04-04-community-ecology-an-equation-of-living-together.md"
"ecology_history_scopes_area","\_biology\higher-zoology-tree\ecology\2026-05-04-ecology-history-scopes-area.md"
"genetics_the_theme_of_inheritance_part_1","\_biology\higher-zoology-tree\genetics\2026-04-10-genetics-the-theme-of-inheritance-part-1.md"
"genetics_the_theme_of_inheritance_part_2","\_biology\higher-zoology-tree\genetics\2026-04-10-genetics-the-theme-of-inheritance-part-2.md"
"human_blood_circulation_overview","\_biology\higher-zoology-tree\physiology\2026-04-01-human-blood-circulation-overview.md"
"human_physiology_digestive_system_part_1","\_biology\higher-zoology-tree\physiology\2026-04-10-human-physiology-digestive-system-part-1.md"
"human_physiology_digestive_system_part_2","\_biology\higher-zoology-tree\physiology\2026-04-10-human-physiology-digestive-system-part-2.md"
"human_physiology_digestive_system_part_3","\_biology\higher-zoology-tree\physiology\2026-04-10-human-physiology-digestive-system-part-3.md"
"blood_circulation_the_intelligent_transport_system_of_life","\_biology\higher-zoology-tree\physiology\2026-05-04-blood-circulation-the-intelligent-transport-system-of-life.md"
"research_methodology","\_biology\higher-zoology-tree\research-methodology\research-methodology.md"
"structures_functions_cell_organelles_part_1","\_biology\hsc-corner\botany\2026-04-10-structures-functions-cell-organelles-part-1.md"
"structures_functions_of_cell_organelles_part_2","\_biology\hsc-corner\botany\2026-04-10-structures-functions-of-cell-organelles-part-2.md"
"human_body_the_mysterious_workspace","\_biology\hsc-corner\botany\2026-04-25-human-body-the-mysterious-workspace.md"
"hsc_biology_2nd_paper_1st_chapter_animal_diversity_classification","\_biology\hsc-corner\zoology\2026-04-06-hsc-biology-2nd-paper-1st-chapter-animal-diversity-classification.md"
"respiratory_system_mind_mapping","\_biology\hsc-corner\zoology\2026-04-12-respiratory-system-mind-mapping.md"
"respiratory_system","\_biology\hsc-corner\zoology\2026-04-12-respiratory-system.md"
"human_blood_circulation","\_biology\hsc-corner\zoology\2026-04-16-human-blood-circulation.md"
"baroreceptors_reflex","\_biology\hsc-corner\zoology\2026-05-04-baroreceptors-reflex.md"
